key,sequence
-1,DTNLLSRLESYLVSKVGASETVSAVPMSVWSAPEDFPDRELTLIMPKKYKNSSHYLICTWLIALSKKEIMWKEELRLIILQKCKENKYQSEWMTLFHLVKLDSLQLCLYILLESYMSADDIWGNVIKHINLIIDRNLVRFAMIQRKKPKEKVFRRGYNDKGSRRPAHVVPICLKPVVSSIPEKLDLSDLVKKKNRTLNFLYS
-1,DTNLLSRLESYLVSKVGASETVSAVPMSVWSAPEDFPDRELTLIMPKKYKNSSHYLICTWLIALSKKEIMWKEELRLIILQKCKENKYQSEWMTLFHLVKLDSLQLCLYILLESYMSADDIWGNVIKHINLIIDRNLVRFAMIQRKKPKEKVFRRGYNDKGSRRPAHVVPICLKPVVSSIPEKLDLSDLVKKKNRTLNFLYS
-1,DREFLDRCLSEIRRK-----TRGISPSETMSLYSDSPEWEFYL---GGLKNLSAIEALALVVCFPKEDLLWWE-VRERIMEDAYRYQYKGNWRLVQKLLNINDEKLQLRFFFE-YHSSEELFGNLLP---VAIKRISRLQIQKRYPKVKRPQRKRGYNDHGSRRddskwLPSDVH------LGPNPEKSDLRRvAVNLKEKIRNFLWS
-1,--------------------------------------QEMELVLPRGKRTSHH--IHQLLVAACLLQHPFEASLRELALEKSYQKQYTGHWKKLQSLVEVSYSRTLMLQLLLETQTSRAIMGWLPSAINELVKEVFYRVKIQSPPVRQTNQIGVGYRDKGARTLDHK-KIIEQYHTGENPEIFNFDTIAYKRNSLMNFL--
-1,-------------------------------------DQEIVLCIPRNITKPNEF-IGIWMWVLAKKPI-WKEDFRIQLEERCRRNNYKGLWMKLHKILKLNHLHLCIYQVLEDIYSSRDLRGNILPKSQKL--ERTVQYILKFKRQSTEPMFHRGYRDKGGRRLVHEIHDCSET-TGPNPEKPDFSDSIKKSLFITNFLY-
-1,-------------------------------------DQELRLILPKFIQKPKD-LLGIWLWTLSENPI-WKEDLRLVLAERCKRNKYKGLWFIIHKLICLNSLNLAVYTMLESQFSGRDLRGNLLPRSKKFYK--FIEYKVVEKKKSLKPQFHRGYRDHGGRRLSHEVHDC-STFTGENPESIDLSNKMKKNNFLLNFLY-
-1,--------ESWILKQVESDEQSRQSPSLDISKVNE--NQEIVLCIPKNITKPYEF-IGIWLWVLAKDPI-WKEDFRIQLEEKCRKNNYKDLWMKLHKILKLNHLHFCIYQVLENIYSSRDLRGNILPKTEKL--ERTVQYILRYKKRSSRVQFHRGYRDKGGRRL-------------------------------------
-1,--------------------------------------------------------------------------LKEEMAAKCFKNNYEGKWSIVQEFLELknDYLYNQ-FELLQRHFSNQDIFGNILLLTKKVIPSLKIIDLKPTKKKVRKPVRRRGYNDKGTLRLPHERHSDW-TWTGENPE--------------------
-1,----------EILRIHDSKENNLAEPSSAQSDPPL-------ISLRAQFTKPWEALK---LIYLSIPYKAWETEVLIRtIAYRAYSNNYNGQWRIVQELLeaELQSTEQFLEIFL-KYKSKEEYYGNLLHNIKKYEKYFLLKVTQGTDNrPVKRPQRKRGYADKGSRRLPHEYH--------------------------------
-1,-------------------------------LPSLYSDVDRVINISANISGAKSAL--SFLYISFYFEYWETEVITKTIAQKAYSQNYNGEWKTVQDFLE-TELQTP-EEFEKKYielKGPHDFYGNFLPKAAKYSKLLKIRNSSEKiRRKVVYPQYHRGYKDKGSLRLPSEFHGIRPY---------------------------
-1,--------------------------------PSLYSDMEpRIIKISANLSSARNAL--GYFYIALHYEYWETEDLIRSIGQKAYLQNYNGKWKTVQEFLE-SEFQTPkdFEDKFFLVFGPHDFFGNFLPAVEKQYRLLKVTDLTKEKtGKVNYPQFHRGYKDKGSLRLPHEYHGDRPV----GPERLDRRQNIKHPLLGENFL--
-1,-------------------------------LPSLYSDVERTITISSNILSAKQAL--SLIYITLYFQYWETDLLTKAIAQKAFAQNYNGEWRRVQEFLE-TQLKTP-EEFEQKYISekgPHDFFGNFLPKAARYVIMIKIQDSQkKKRKKVVYAQYHRGYKDKGSLRLPSDFHGIRPY---------------------------
-1,---------------------------------SLYSDMKKIISISANLSSSKQAL--SLIYVSLYFQYWETDQLIRAIGQKAYSQNYNGEWGTVQSFLE-TELQTP-EEFEKKYidlKGPHDFFGNFLPKAAKTVKLLKVSDLQKKnKKKVRYPQFHRGYKDKGSLRLPSQNHGDRPY---------------------------
-1,-------------------------------LPSLYSDVLKRITISANVLGAKQALSY---IYLSLyFEYWETDILIKTIAQKAFSQNYNGEWRTVQDFLE-TKLQTP-EEFEEKYirlKGPHDFFGNFLPKSLKLRNLLKISDlTKKQKGKIVYPQYHRGYKDKGSLRLPSEFH--------------------------------
-1,--------------------------------------------------------------------------LRDILERRARSHQYQGKWKILSKLLmyhDYPALQEHIFfdEFLGDRISTRSLYGNILPKGRQIYENLKVELTC---DPVKKPTWKRGYRDKNSRKPVHEIH--------------------------------
-1,-TDLVVKIWNQISKTVCQAQHRIADHMSLWPDPSD--------CFLKMSPSNSAFEAILDIVAmeFVLPGCRWrypTYEQRERYARLVRQHRREGHWKIVEVLIQQPQGYYYYVDVLNKNFSPEDIFGNIIPALrRKIASVRCESRKARelrlSRRPVKKPVRRRGYNDKGSLRPSH-------TWLPDNaysrPELP------------------
-1,------------------------------------------------------------------------ESLEMKIVKQVKLNRAQGKWQLVRDLLGLKGTFLkPRWQHFAKTVSSRDFFGNWLP-LMLEIERYLYSKKMYPDPylswddhssyRVRKKVYRRGYDDKGSRRPEHK----------------------------------
-1,--------------------------------------VDRAISISANISGARSAL--SFLYISLFFEYWETDVITRTIAQKAYSQNYNGEWKTVQDFLE-TELQTP-EQFEKKYielKGPHDFFGNFLPKAARYSRLLKIRNSSENiKRKIIYPQYHRGYKDKGSLRLPSEFHGIRPY---------------------------
-1,----------------------------------------------------SSWDALCLIYILSHvaNLFWITDDIHRRIAQKAYQANYEGEWKTVQDFLqQNPQTPEAFYQIWISYHSPEEFFGNLKKRAKRI--QLIIRFKKRdPHGPVSKSQRIRGYRDKGTYHPPHEFH-------GEPPekdEKIDLRRFV------------
-1,------------------------------------------------------------LYLLSHLEksYWITDEYHRRIAEMAYRNNYEGEWKTVQAALE-RYSQTPKEFFEWAIQfmSSEDFFGNIVRPAQRLAEHIDF-YLRDPHGPVRRPQRHRGYRDKGTYVPPHRRHRCL-----------------------------
-1,--------------------------------------------------------ALSLLFILQFFEYWETDKLTKSLAQKAYSKNYNGEWKTVQDFLE-TEFKTPKEFMEKyiEIKGPHDFYGNFLPKTIKLFEKIvtLSNLTKENKKPVKELVYRRGYKDKGTMRLPSSFH--------------------------------
-1,--------------------------------------------------------------------------LRLQISEEI--QNTESEW----LEILLTSKAQCLIFLQETTlWHTRDFFGNILSlnETKKTLEAIRPRFE--SKQKVKKPEFRRGYRDKGSLKLSHEHHNFW-----------------------------
-1,----------------------------------------------------------------------------------------EEHWGGEFKEIKavlLNSKDTALgYLLVSDRWSTRDFYGNILKENN--VKRILVSMKVRRRNKsrPKRKVWRRGYNDKGSTRLPHD----------------------------------
-1,------------------------------------------------------------LLALAIISWWLEDSVRFYLQEELYFLSINNSDLIEIRLCLTSKSGMLKFLEDTTLYHSRDLFGNILPTSseKQVRLANLVSVRYGPTSLPKRVIRRRGYKDHGSRRFPHEVHD-------------------------------
-1,-------------------ECLSLSPNRSLRLPRISTSWE----------------ALRVLYLVSHLEksYWVTDGVHRIVSEMAFRNNYEGEWRNVQIALEhYFQTPKQFYDWFITEHSSEDFFGNIARPSQRLAEYVDFKER-DPHGPVRRPQRHRGYKDKGTYVPPH-----------------------------------
-1,--------------------------------------------------------------------------------------NREGYWKIVEKLL-LSYyfSSFKILSWLQTYFSNEDIFGNIIPRIKILSRSFKLVHRQIR--KPLRKQRKRGYDDKGTYRFPHERH--------------------------------
-1,-------------------------------------------------------------------------------------------------LLLQSKGHMLLFLSESTLWHTRDFFGNLLTDYNIRRIMRTIRCQYRKRTKVQKPERHRGYRDKGTLRLPHTVHSLW-----------------------------
-1,--------------------------------PSPYSDISLKIYHPSGaFSNIAAY--GALLMV--QGERWWTTDKEVKyFSSLCYRFNYEGKWRTFQEILERTTNYQEYESVCKEIFGTHVFFGNLLPLLLKYKKSI-SEDNRRQGGKVRRPKRKRGYDDHGSLRPYHQR---------------------------------
-1,----------------------------------DSP--EELWIRSEGLRNSKDAL--ALLVILplvnqSVRNYFQIDRLREHLGNMAFRYQYQGDWKVVGEILQQTDSLACYetWKIILSTMTLNDWFGNLVPRIRKILRSLywrpVYLFVTGDPRPVHFPQRKRGYDDKGSRRL-------------------------------------
-1,--NFVSECEKVLTERLRLSSAKIEVATRTVVIdPNLNNDLEYCFHLRGKSLNS--------LIALAIGSWYLKEAgflLRMDLEEKLHTLSNEDQF--LLKFFLSSKGEMLLFLKETTLWSTRDFFGNLLPLIVQEI--NLLRYSPKRSGKVVKKVFRRGYNDKGSRALD------------------------------------
-1,--------------------------------------------------------------------------LRLFLEERSSFLSLED---RLILQIILSSKVGCeLFLLETSLWHTRDFFGNIINEKKLGEVLQLIVYRKIPT-KVIKPQRHRGYRDHGSCRLVHEQHQpshDWSY---------------------------
-1,-------------------------------------------------------------------YLPEEDGflLRLELEEKI-GNNLDLDW---IRFVLNSKAEMLIFLQETSLWHTRDFFGNILTDNNITRLAKLVKPKFKTKKPPRRLVRRRGYKDKGSLRDISTYHD-------------------------------
-1,------------------------------------------------------------------------ERLRKHIAKMAQNNHYSGKWETVKVYLENVPNFQIYsaLSVLLSYMSLREFFGNFLKSVVKISQRIKWRKLYSSvvtdSRPVLKKIRRRGYDDKGSRRLNHQRR--------EGPEKPERSKECHIKEP-RSFQW-
-1,------------------------------------------------------------------------ENLRKHVAQKAKRFSYQGQWSIVKSYLETVRPQVLRdsLMFLLNIMSLDDLFGNFVPLLKKFWRKLEVQVQserfCWQLPRVRYPKRKRGYDDKGSRSPAHKNHGISPRIPFGEPEK-------------------
-1,------------------------------------------------------------------------------ILQKAQNYKFEGQWTIFREIYDLPEDETFdltsiIYEVLLNNFSKEDIYGNLIPRIAKYIKFFratngkLVYLQVVRPGIVRRPKRKRGYNDKGHRILYNQRgsntHLKGITVSENNPEKSD-----------------
-1,-----------------------------------------------GITDSREALATLFaldLVTPSTRNYFLVDNLRQHIARMARNNHYSGEWLKVKVYLEtiksfrLNDSVTYI----LSIMSVRDYFGNFLrlvrKQIRRLRWRPLYSFVTEDHRSVVKKIRRRGYDDKGSRRPEHQR---------------------------------
-1,-------LEKSIQRKL-KNETLLRTPVFVSPTRQILDDQEFKIIYPRNFRLIRALVILQW--YLPENLHW---RIYLDLQERSFS-NYNRKQQIEIAIFLSSKKNMELYLFRTSRYTGGEIFGNIL--GNDLSDLCKIlKISKKRKSKPNYPIRRRGYKDKGAMRLFH-----------------------------------
-1,---------------------------------------------------------------------------REELARRAYHYQYQGKWEVVRQLVQLrlltPYTVWCI---LLINFSIEDLFGNLLPLTGRIAnTARLVKLYKRNSQTVIYPKRKRGYDDKGTLRPP------------------------------------
-1,----------------------------------------------------------------------------------CYRFNYNGKWKSFQEILET----TQNFEEFESktieIFGSHTYWGNIVGLI--LVYSRTIYFEKTKNSKVRKPQRKRGYDDHGSLRPYHQR---------------------------------
-1,---------------------------------------------------------------------------------QACKYNWEGKWKVFREIVDLPEDETFsylevYEQVLLKNFSEDDLFGNILPRVKKYIKLfrrynnkLYYFQRKDPSKVVKKKQFKRGYDDKGHRVLYNQRGSNthLKGITGErNPIKRELPKEKYPSSVPTDYMW-
-1,-------------------------------------------------------EALAILCILPLVNHPREyfriQNLREHIARMASNYDLQGDWALVARLLKYPVTlgVNGYWTLLENEFSEEDWFGNFLPEMARALRALKWRRIYLSvledNRRVQRPQRKRGYDDKGSLR--------------------------------------
-1,--------------------------------------------------------------------------LRNHLSNMAFRYRYQGNWKLVGEILQNADSCSCYrtWNAILAKMTPEDWFGNFVPRILKIIRSLYWKQVYHSvlndHRPVSYPHRKRGYDDKGSRRL-------------------------------------
-1,--------------------------------------------------------------------------LQLDLEQKLRNFASED---RIILEIILSSKAEMLIFLQETTlWHSRDFFGNILDGKTKLDRFFRIS---PLRRKITRPQRKRGYHDHGSRVPDHQ----WKP---------------------------
-1,-----------------------------------------------------------WLIAVYIDLPAEYDYLRslvlNRILEKAQNYKFEGQWSIFREIYDLPEDETFdltsiIYEIFLNRFSKEDIYGNLIPRVARYIKLFrsvsgkLVYLQVIKPGIVRRPKRKRGYNDKGHRIL-------------------------------------
-1,-----------------------------------------------------------------------------------------------------------RLIFLTQRWHSRDFFGNFLKKGLKALEDLEPRF--RSKERVQKPIRKRGYHDHGSRRPESK----------------------------------
-1,---------------------------SVVLSPTFFEDYENHMILPRTLRELTTLTILHYYV----EEPQFRLELRFALERVSY-------FKENFVLrLMLKSKNQMLYFLFDTNlWTSNELFGNILSTNEKSQKWLKSVKFRKRNKKVSKPKRKRGYDDKGSLRLPH-----------------------------------
-1,---------------------------------------------------------GALLYY--QKEAYWNTDIEVKyFANLCYRYNYEGKWGIFQIILEKTTNFQEFEQVAIRLLKPYTYYGNLMKLMIIYRKTICRFDPEKRTGKIKEKVRRRGYNDKGTLRPSYK----------------------------------
-1,---------------------------------------------------------GALLYY--QKEAYWNTDIEVKyFANLCYRYNYEGKWGIFQIILEKTTNFQEFEQVAIRLLKPYTYYGNLMKLMIIYRKTICRFDPEKRTGKIKEKVRRRGYNDKGTLRPSYK----------------------------------
-1,---------------------------------------ENYMVLPYKLKSILGLVILSW-WISEEIGVILREDIRD---KRLKRFNLEDQFLIEAFLIGKNET----IQVLNDTslWHSRDFYGNILYEGNRCLERLRFR---KNSTKVIYPKRKRGYDDHGSRVPDSK----------------------------------
-1,--------------------------------------------------------------------YIESESLRfkflFDIEEGIKRYSLKE---QLELKILLSSKENCLkFLFLTERYSSHEIFGNLINEGIKSLKIIKFRRKIY---KINKPQRKRGYHDKGSLRSP------------------------------------
-1,----------------------------------------------------------------------------------CYRYNYNGRWRTFQEILERTTTAEEFDQVAIEILGKFTFYGNLRPL--MELYNRTIKEEKPKNSRPRKPKRKRGYDDKGSLRPYHQR---------------------------------
-1,------------------------------------------------------------------------ERLRNHLGKMAYGFGLNGRWGLVGEILKTPSARSVhgTWSIILRTMSPQDWFGNFLPLmIRVSRLIVLSPVYKNDTRPVTKPKRKRGYHDKGSLLPSHKR---------------------------------
-1,-------------------------------------------------------------------------------------------------------------EFLYNNYSDRDFFGNLLPRLEKLSEEIDIQSLVPQRE--KRVQRHRGYRDHGSLRPEH-----------------------------------
-1,---------------------------------------ENFFIFPKKL-----YLIRGLCIVVHFLEDKWRYIFILELEERIKQFSLKE---QLELKILLSSKENMLkFLLLSQRYTSHEVFGNLVQHG---TKALCQIKIIRKSNKVVYPVWKRGYDDKGSLR--------------------------------------
-1,--------------------------------------------------------------------------LREDLFQSLFRLSLED--RSVIELLIESKAVMLLFLEQTSLWHNRDFFGNIVSQ--KAVERVLRILSPSSfHRKIRKSQRKRGYDDKGSKVDPHK----WMP-------KFDFD---------------
-1,-----------------------------------------------------------------------EETLRNQLLRISHRFSYEGEWKRVKEILE-SEPYTPaevLREHLKDR-SSNDFYGNDLKRMGKIWRTLRSSNEYLPKhQKIKYSKRKRGYDDKGHLR--------------------------------------
-1,------------------------------------------------------------------------------------------------------------YLLDSQKWHTREFFGNFLVKDNLIKKYLKVLKKHLRR--PVKPKRKRGYDDQGSRVEEHKKHNILYDWT-------------------------
-1,--------------------------SDTPTCPEKLEDW--IIVYPKDFRLIRSLAILQWY----LPDIWHW-RFFLDLKEKTFS-QLNQKQRIEILLLLESKEIMEIYLYETKRYTGSEIFGNILgNDLKDLLKILRLRRNLKS--KPKRIERHRGYRDHGSRRPDH-----------------------------------
-1,----------------------------------------------------------------------------------------------LQLKLLLDSKDSSLtYFYDSKEMSSHEFFGNIL---REGAKCLKTLRIIPPNKKVRKPKRKRGYHDHGSRTPDHK----------------------------------
-1,----------------------------------------------------------------------------------CYRYHYNGRWRTFQEILERTYTPEVFKQVCIELLGENTFYGNLKPLMDRYLRTV---YEVNPKiGRVRRPKRKRGYDDKGSLRPYHQR---------------------------------
-1,------------------------------------------------------------------------------------------------------------WLIENQKWHTRDFFGNILPLWANTLKRLSFR---RVNKKLKRVQRKRGYHDHGTLAPSH-----------------------------------
-1,------------------------------------------------------------------------------------------------------------WLIENQKWHTRDFFGNILPLWANTLKRLSFR---RVNKKLKRVQRKRGYHDHGTLAPSH-----------------------------------
-1,----------------------------------------------------------ILLVALSFIGIQEHnlEDIYRKISKIAHKYKYQGEWNLVAKQLQVaPVPGLQLRAFLEDR-TVNDFFGNDLKKIVRSIRRIKSSNPYINKKhRVSTPQRKRGYDDKG-----------------------------------------
-1,----------------------------------------------------------------------WK--IREILENKLKKLNSKDQLRLSSLLINRECALVFLYETQE--FSSHEIFGNLL---REGLKELNRIKIYRPIHKVKRPQRKRGYDDKGSLR--------------------------------------
-1,---------------------------------------------------SSRRLLRSLGIACWFLPDWLKWEIILQLSEKPYSLDFSSKGLEISLELRcLVESQEIMVSFVSYFINPRELFGTILQEDLLEALKN-IRVKEKQRGPVKKPIRRKGYKDKGSWRLPH-----------------------------------
-1,-------------------------------------------------KKKNDILVLVLVYHFSDFFGIFSEYVRYEIERYLYHNLLAPE--LVASLV---DKRICLEILLNLNYGPRVIF-SLISEENLKRVLNEVSLKIEYPRYVKRPVFRRGYNDKGSLR--------------------------------------
-1,-----------------------------------------------------------------------------RISKIAHRARYEGEWEQVANQLAVPPIpALQLECFLQDR-TLNDFFGNDIQLLVKMIKRFTVYNPYRRkDSPVRRPQRKRGYDDKGSL---------------------------------------
-1,----------------------------------------------------------------------------EKISKISHKFKYEGEWSKVDEALDTPFTPYKQLEKYLETHTTNDWFGNDIKTLIRALRRIRIINPYVPkKDKVIKPKRKRGYDDKGHLR--------------------------------------
-1,--------------------------------------------------------------------------LYERIQKIAHKRKYEGEWSKVEKALESPlVPYLQLVNFLEDR-TLNEYFGNDL----KLLKRVLRSFKVYnpytvSKKPVKRTQRKRGYDDKGHLR--------------------------------------
-1,--------------------------------------------------------------------------------------------------ILLSSKENCQKFLYEtDRYSGNEIFGNILK--NDLRELFKILKLKRKNRKVIKPERRRGYNDHGS----------------------------------------
-1,------------------------------------------------------------LVVLSIFSWYFPEEVRvtlqLDLEERVKRLGTED--RILIRSLLRSKFVMLKFLQETTLWHTRDFYGNVLKALIRDSGGYFrnRLRKMPVNHKVVQAERKRGYQDHGSRVEDH----CWLP---------------------------
-1,------------------------------------------------------------------------EDIYQKVARIAHKKKYEGEWEQVAKQLLIPPLPSLQLEAFLSDRTLNDFFGNDLKPLKNTFKRIFAFNPYrKKTGLVVRPNRKRGYDDKGSL---------------------------------------
-1,--------------------------------------------------------------------------LRLDLEEKITKFDLK---KQLELKLLLSSKEKMLTFLYETNkYTSHEIFGNIIGISLQ--DLNKVKFS-KKDTRVRKTQRRRGYDDYGSLRPREKWLECfdWSFTEVQNEKDRKLNVHLKTIQYLENFL--
-1,------------------------------SSYSDLVKWRIHPEFLKKGRT--AYLSCLTVVFLGLNPV-QEYDIKKQLLIIAEKYCFQGYWKNVREILQKPFTPGAFFQyHFEKSPSLHEFFGNDL-RTMKVIWRTLKTVDpyQVSKAPVKKPQRKRGYDDKG-----------------------------------------
-1,--------------------------------PNWYPTTEVVL---KGMPRRSE-DILILIAILDTFPTYQKYEIRLKLETELTRRN-----RPLKHRILLKDAMKNRAILLDSFqcYHSREFYGNVLQRLAKIIRGLK--FYEYRPRPALRPERQRGYRDHGTLLPSHKVlpkHDI------------------------------
-1,--------------------------------------------------------------------------------------------------LLLDSRQTCLSFLYETKeVTSYEIFGNILNLGCKLLNNLK---LIKRSTKVVKAQRKRGYDDKGSQRP-------------------------------------
-1,-------------------------------------------------------------------------------------------------ELVLQDLSTALELIISSR-SERDWYGNLLPQIRMLAKQLILQLRQAPR--AREKVRRRGYRDHGTLRP-------------------------------------
-1,----------------------------------------------------------------------------LDLEERIYKFSLRE---QLELKILLSSKENMLkFLFLTQRYSSHEIFGNI---VNDGIISLSMIRIRRKNLKIVKPIRKRGYDDKGSLR--------------------------------------
-1,-------------------------------------------------RKAKELIGLSLIHYYFPEELMWRVHLDLLDLNLSALNNKQ----RIEILIILNSKDDMIkYLYRTRRYSSHEIFGNL---IGIGLRTTKLLQVFRRSTLVIKAKRKRGYDDKGSLRP-------------------------------------
-1,-------------------------------------------------------------------------------------------------EVEITSKAACLEIISTSL-SERDYFGNF--RKQLLIIADSLEFFWTRPKEPKRKVFRRGYRDHGCLRP-------------------------------------
-1,---------------------------------------------------------------------------------------------------------------FSDLFSSRSLFGNLISAWKEILGTLKP--LQEHPKKARRVQRKRGYQDHGTLR--------------------------------------
-1,------------------------------SSYSDLLEWRFPADLFRKARDCKLLLIALSFMGLPDLQ---QNRFRQRVHAIAEYNQLQGQWAEVEELLLLqTNVPGEILQWYLNKHSVEAWFGTDLKRiIKIIRSARTYNPYKPNRSKVNHPQRKRGYNDKGSL---------------------------------------
-1,--------------------------------------------------------------------------------------------------------------------SDSDWYGNHLPAILSLSK--TIQYQRRRQPRARRVQRHRGYRDHGSCRPSH-----------------------------------
-1,-------------------------------------------------RSWKEYLRLAMVfWYL---EEPFRTEIRLSLEDR--KNKYGTLKAIAAQAILNSEPEMVLYITESSflFQNERALFGFL----KQPFDYSRYSLQWNKPRKAKRPKRKRGYDDHGSRTPDHK----WKP---------------------------